dataset,title,doi,tile_records,distinct_objects,bytes,reviewed_on
CA24_Volcan,"UAV Lidar Survey of Volcan Mountain Wilderness Preserve, CA 2024",https://doi.org/10.5069/G99P2ZV5,242,242,22544532118,2026-09-20
CA20_AppFire,"Riverside County Flood Control Apple Fire Lidar, CA 2020",https://doi.org/10.5069/G9K64G9M,240,240,7507435058,2026-09-20
CA21_AppFire,"Riverside County Flood Control Apple Fire Lidar, CA 2021",https://doi.org/10.5069/G9PZ572G,63,63,1358288039,2026-09-20
CA22_AppFire,"Riverside County Flood Control Apple Fire Lidar, CA 2022",https://doi.org/10.5069/G9TQ5ZSD,133,133,2114702692,2026-09-20
CA20_DiBiase,"Post-Bobcat Fire lidar of Sawpit Wash, California, 2020",https://doi.org/10.5069/G9ZG6QGP,50,50,1442845780,2026-09-20
CA25_Sondeno,"Mapping Coastal Dune Erosion, CA 2025",https://doi.org/10.5069/G96W989H,82,82,3366499506,2026-09-20
CO25_Ruef,"Mapping Rock Glaciers in the San Juan Mountains, CO 2025",https://doi.org/10.5069/G9348HMJ,91,91,3206371573,2026-09-20
CA25_Allen,"Monitoring Tree Water Stress, CA 2025",https://doi.org/10.5069/G9BP011S,99,99,9057796694,2026-09-20
AZ25_Fong,"Lithologic Controls on Slot Canyon Formation, AZ 2025",https://doi.org/10.5069/G9GF0RRQ,60,60,6424738550,2026-09-20
CA25_Lamb,"Quantifying Sediment Mobilization by Wildfire, CA 2025",https://doi.org/10.5069/G9RX9997,205,205,17587624254,2026-09-20
NZ25_Manawatu,"Manawatu-Whanganui - Whanganui River Catchment, New Zealand 2025",https://doi.org/10.5069/G9Q23XGQ,23723,23723,2182830685762,2026-09-20
NZ24_Auckland2,"Auckland Part 2, New Zealand 2024",https://doi.org/10.5069/G9M906V9,10147,10147,395826674294,2026-09-20
NZ21_Ruapehu,"Mount Ruapehu Summit Region and Rangataua Flows, New Zealand 2021",https://doi.org/10.5069/G9VT1Q92,388,335,72807332379,2026-09-20
CA03_Caspar,"Lidar Survey of Caspar Creek, CA 2003",https://doi.org/10.5069/G94B2ZJ4,1,1,11587759,2026-09-20
NZ24_Auckland,"Auckland Part 1, New Zealand 2024",https://doi.org/10.5069/G9HH6H8T,7891,7891,257728623279,2026-09-20
NZ24_Waikato,"Waikato, New Zealand 2024",https://doi.org/10.5069/G91J980G,14645,14645,788993709665,2026-09-20
NZ24_Whanganui,"Manawat&#363; - Whanganui, New Zealand 2024",https://doi.org/10.5069/G9P8494X,8667,8667,374611124748,2026-09-20
NZ24_North,"Northland, New Zealand 2024",https://doi.org/10.5069/G9XS5SN5,10137,10137,379436084662,2026-09-20
CA17_Brooks,"Lidar Survey over San Andreas Fault, CA 2017",https://doi.org/10.5069/G9KH0KJK,1,1,68811655,2026-09-20
NZ23_Hawkes,"Hawke<U+0092>s Bay, New Zealand 2023 - 2024",https://doi.org/10.5069/G9Q81B9R,42406,42406,3693691376594,2026-09-20
AK22_Lamb,"Mapping the Koyukuk River System, AK 2022",https://doi.org/10.5069/G9V1231G,355,355,20454157066,2026-09-20
NZ24_BoP,"Bay of Plenty, New Zealand 2024",https://doi.org/10.5069/G9ZS2TQN,3327,3327,88874446803,2026-09-20
BR17_SaoPaulo,"Sao Paulo, Brazil Lidar Survey 2017",https://doi.org/10.5069/G9NV9GD1,5544,5544,191019919911,2026-09-20
QC15_Montreal,"Lidar Survey of Montreal, Quebec, Canada 2015",https://doi.org/10.5069/G90Z71HC,684,684,40792290182,2026-09-20
WA23_JohnHenry,"Lidar Survey of John Henry Mine, WA 2023",https://doi.org/10.5069/G93F4MVH,6,6,1194731862,2026-09-20
WA23_Centralia,"Lidar Survey of the Centralia Mine, WA 2023",https://doi.org/10.5069/G9765CJS,77,77,9379726376,2026-09-20
NM23_McKinley,"Lidar Survey of the McKinley Mine, NM 2023",https://doi.org/10.5069/G9BZ6486,151,151,42852918789,2026-09-20
AZ23_Kayenta,"Lidar Survey of the Kayenta Mine, AZ 2023",https://doi.org/10.5069/G9GQ6W0J,235,235,84346324059,2026-09-20
CA23_Sacramento,"Topo-Bathymetric Data Set: Sacramento River, California 2023",https://doi.org/10.5069/G9MW2F86,2063,2063,249036297315,2026-09-20
CA23_Williams,"Lidar Survey of Lava Tubes, CA 2023",https://doi.org/10.5069/G9ST7N19,75,75,3667457777,2026-09-20
CA23_Fougere,"Lidar Survey Along the Calico Fault, CA 2023",https://doi.org/10.5069/G9RR1W65,127,127,1818354972,2026-09-20
LA23_Davidson,"Lidar Survey of Deltaic Wetlands, LA 2023",https://doi.org/10.5069/G9PC30KP,80,80,2347543488,2026-09-20
CO23_Roumelis,"Lidar Survey of a Partially Burned Mountain Watershed, CO 2023",https://doi.org/10.5069/G9HD7SMZ,31,31,740790685,2026-09-20
WY12_LegleiterG,"Lidar Survey of the Snake River, WY 2012 (1064 nm/Gemini)",https://doi.org/10.5069/G9CC0XT2,122,122,2358647845,2026-09-20
WY12_LegleiterA,"Lidar Survey of the Snake River, WY 2012 (532 nm/Aquarius)",https://doi.org/10.5069/G9CC0XT2,121,121,697786190,2026-09-20
CA23_Smith,"Lidar Survey of Paoha Island, CA 2023",https://doi.org/10.5069/G9NG4NV7,91,91,1882600064,2026-09-20
AR23_Moran,"Mapping Landscape Evolution in the Ozarks, AR 2023",https://doi.org/10.5069/G9959FSJ,80,80,7868567346,2026-09-20
TX23_Nelson,"Characterizing Alluvial Channel Bank Erosion with Lidar, TX 2023",https://doi.org/10.5069/G9DZ06JZ,70,70,11293641015,2026-09-20
ID23_Sclafani,"Measuring Hydrologic and Biogeochemical Processes in an Intermittent Stream, ID 2023",https://doi.org/10.5069/G9XW4H00,15,15,1226311384,2026-09-20
AK23_Brisbois,"Monitoring the Mass Balance of Eklutna Glacier, AK 2023",https://doi.org/10.5069/G92N50G8,221,221,2144199816,2026-09-20
AK23_Robert,"Detecting Changes in Hillslope Geomorphology Due to Thawing Permafrost, AK 2023",https://doi.org/10.5069/G9KK991N,93,93,7068352922,2026-09-20
NZ23_Hamilton,"Hamilton, Waikato, New Zealand 2023",https://doi.org/10.5069/G9FX77NB,1240,1240,42077720784,2026-09-20
NZ23_Gisborne,"Gisborne, New Zealand 2023",https://doi.org/10.5069/G9MK6B34,25190,25190,2401826926931,2026-09-20
NZ23_Banks,"Banks Peninsula, Canterbury, New Zealand 2023",https://doi.org/10.5069/G9RB72TF,3310,3310,57963047280,2026-09-20
NZ23_Cant,"Selwyn, Canterbury, New Zealand 2023",https://doi.org/10.5069/G9W37TJS,7180,7180,106484501387,2026-09-20
NZ23_CantWaim,"Waimakariri, Canterbury, New Zealand 2023",https://doi.org/10.5069/G90V8B15,481,481,4937006427,2026-09-20
NZ23_AbelTas_GB,"Abel Tasman and Golden Bay, Tasman, New Zealand 2023",https://doi.org/10.5069/G94M92SX,1783,1783,25930783274,2026-09-20
MT22_Marshall,"Lidar Survey to Evaluate Spatial Heterogeneity and Channel Evolution, MT 2022",https://doi.org/10.5069/G9HT2MHS,81,81,11270047017,2026-09-20
NZ22_Whanganui,"Manawatu - Whanganui, New Zealand 2022-2023",https://doi.org/10.5069/G9SB43ZT,4340,4340,47038884120,2026-09-20
NZ22_Otago,"Central Otago, Otago, New Zealand 2022-2023",https://doi.org/10.5069/G9X34VP5,11386,11386,147246220231,2026-09-20
NZ21_Onslow,"Central Otago, Otago, New Zealand 2021",https://doi.org/10.5069/G91V5C60,2381,2381,22456559811,2026-09-20
Azer21_Pierce,"Satellite derived point clouds of the Kura thrust belt, Shamakhi, Azerbaijan, 2021",https://doi.org/10.5069/G9RJ4GPJ,549,549,16025651450,2026-09-20
NZ23_Porirua,"Porirua, Wellington, New Zealand 2023",https://doi.org/10.5069/G94Q7S68,667,667,43022663109,2026-09-20
CA22_Olsen,"Quantifying Channel Change in a Steep Coastal Stream, CA 2022",https://doi.org/10.5069/G9TD9VJF,20,20,4039845141,2026-09-20
NZ22_Kaikoura,"Kaik&#333;ura and Waimakariri, Canterbury, New Zealand 2022",https://doi.org/10.5069/G9Z60M78,1026,1026,12786863693,2026-09-20
CA22_Marvin,"Quantitative Characterization of Dune-Dune Interactions, CA 2022",https://doi.org/10.5069/G9NV9GFG,51,51,3950192183,2026-09-20
NZ21_South,"Southland, New Zealand 2020-2024",https://doi.org/10.5069/G9TM78B1,57196,57104,714164567406,2026-09-20
NZ21_Waikato,"Waikato, New Zealand 2021",https://doi.org/10.5069/G9ZC8136,72116,72116,2130283178964,2026-09-20
NZ22_Wanaka,"W&#257;naka, Otago, New Zealand 2022-2023",https://doi.org/10.5069/G96T0JVW,166,166,1416049606,2026-09-20
NZ22_ToS,"Top of the South Flood, Nelson and Tasman, New Zealand 2022",https://doi.org/10.5069/G97S7KZ8,2657,2657,72136582179,2026-09-20
NZ22_Tasman,"Tasman Bay, Tasman, New Zealand 2022",https://doi.org/10.5069/G9N29V5H,1299,1299,17307588220,2026-09-20
OR22_Sheppard,"Mapping Changes in Vegetation After Deep-Seated Landslides, OR 2022",https://doi.org/10.5069/G9513WD3,20,20,5614788888,2026-09-20
NC20_Fig,"Lidar Survey of Sparta Earthquake Rupture, NC 2020",https://doi.org/10.5069/G92805T4,25,25,1201228707,2026-09-20
OR22_Newcomb,"Linking Snowpack Heterogeneity to Subsurface Storage and Transmissivity, OR 2022",https://doi.org/10.5069/G99S1P8W,87,87,12624621057,2026-09-20
NZ20_Cant2,"Canterbury, New Zealand 2020-2025",https://doi.org/10.5069/G9Q23XF8,99006,99006,1575646824972,2026-09-20
CA22_Piske,"Forest-Snow Interactions in a High Elevation Critical Zone, CA 2022",https://doi.org/10.5069/G9ZG6QF7,73,73,12592133041,2026-09-20
NZ18_North,"Northland, New Zealand 2018-2020",https://doi.org/10.5069/G9BR8QDQ,40026,40026,515812617287,2026-09-20
NZ15_Alpine,"Alpine Fault, NZ 2015",https://doi.org/10.5069/G9M61HGF,838,838,26921881224,2026-09-20
NZ10_CAlpine,"Central Alpine Fault, NZ 2010",https://doi.org/10.5069/G9VQ30V8,90,90,823754230,2026-09-20
NZ10_WHope,"Western Hope Fault, NZ 2010",https://doi.org/10.5069/G9QZ285D,63,63,326986553,2026-09-20
AZ21_McMahon,"Lidar Survey of the San Pedro River, AZ 2021",https://doi.org/10.5069/G98050T2,148,148,5486485505,2026-09-20
NZ16_Kaikoura,"Kaik&#333;ura, Canterbury, New Zealand 2016",https://doi.org/10.5069/G9HD7SWJ,5539,5539,107983113446,2026-09-20
CA21_Higa,"Topographic and Lithologic Controls on Subsurface Weathering, CA 2021",https://doi.org/10.5069/G9RX998S,56,56,2811700225,2026-09-20
NV21_Hasson,"Morphodynamics of an Unvegetated Meandering River, NV 2021",https://doi.org/10.5069/G9WQ0202,77,77,6524307815,2026-09-20
CA12_Blacksmith,"Lidar Survey of the Sierra Nevada Mountains, CA 2012",https://doi.org/10.5069/G9DN438J,460,460,15147422182,2026-09-20
TX21_Fisher,"Topographic Signatures of Barrier Island Vulnerability, TX 2021",https://doi.org/10.5069/G9XP734W,96,96,4152906755,2026-09-20
LA20_Nghiem,"Sediment Accretion Rates and Spatial Patterns in the Wax Lake Delta, LA 2020",https://doi.org/10.5069/G99W0CP6,71,71,2521317976,2026-09-20
NZ21_OtagoCC,"Coastal Catchments, Otago, New Zealand 2021",https://doi.org/10.5069/G9Q52MT4,12324,12324,145341194044,2026-09-20
NZ20_Canterbury,"Christchurch, Canterbury, New Zealand 2020-2021",https://doi.org/10.5069/G9KD1W3T,1611,1611,37833483987,2026-09-20
NZ21_UpHutt,"Upper Hutt City, Wellington, New Zealand 2021",https://doi.org/10.5069/G90P0X74,448,448,4959426491,2026-09-20
CO18_Rossi,"Bedrock exposure, canopy density, and runoff generation in the Rampart Range, CO 2018",https://doi.org/10.5069/G9CV4FXZ,629,629,36192722095,2026-09-20
MA21_Fields,"Estimating Bedload Transport in Gravel-Bedded Rivers, MA 2021",https://doi.org/10.5069/G9HM56NP,410,410,12187418291,2026-09-20
NZ21_Tasman,"Tasman, New Zealand 2020-2022",https://doi.org/10.5069/G9S46Q5N,23523,23523,534576670393,2026-09-20
CA21_Rothman,"Impact of Waterfall Formation on River Long Profiles, CA 2021",https://doi.org/10.5069/G9WW7FV6,132,132,9857195911,2026-09-20
NZ21_Dunedin,"Dunedin and Mosgiel, Otago, New Zealand 2021",https://doi.org/10.5069/G91J97ZM,151,151,2862075088,2026-09-20
MX19_Inomata,"Lidar Survey of Middle Usumacinta Region, Mexico",https://doi.org/10.5069/G95B00NF,3996,3996,58503080073,2026-09-20
NZ21_Rakiura,"Oban, Stewart Island / Rakiura, New Zealand 2021",https://doi.org/10.5069/G9930RCS,70,70,942504375,2026-09-20
NZ21_Taranaki,"Taranaki, New Zealand 2021",https://doi.org/10.5069/G9JM27VZ,23676,23676,386586720945,2026-09-20
CA18_Dangermond,"Lidar Survey of Dangermond Preserve, CA",https://doi.org/10.5069/G9T43R8K,132,132,65754723135,2026-09-20
NZ21_Hutt,"Hutt City, Wellington, New Zealand 2021",https://doi.org/10.5069/G92J692Z,1221,1221,19014386254,2026-09-20
ID19_Yanites,"Lidar Survey of Dump Creek, ID 2019",https://doi.org/10.5069/G93J3B5W,62,62,2386070242,2026-09-20
CA19_Dibiase,"Climate and Tectonic Controls on Bedrock Hillslopes, CA 2019",https://doi.org/10.5069/G9C24TN0,188,188,11767589198,2026-09-20
NZ21_Kapiti,"Kapiti Coast, Wellington, New Zealand 2021",https://doi.org/10.5069/G9GT5KCD,3383,3383,39519901206,2026-09-20
NZ21_Nelson,"Nelson, New Zealand 2021",https://doi.org/10.5069/G9R78CD4,1490,1490,77441348795,2026-09-20
WA21_Lumbrazo,"Hydrologic Effects of Forest Restoration, WA 2021",https://doi.org/10.5069/G989142F,103,103,4042113310,2026-09-20
NZ20_Hawkes,"Hawke's Bay, New Zealand 2020-2021",https://doi.org/10.5069/G9S75DH2,39861,39861,1072090996764,2026-09-20
NZ10_Wairarapa,"Wairarapa Fault, NZ 2010",https://doi.org/10.5069/G9ZW1J0K,180,180,1583687147,2026-09-20
WI20_Roland,"Measuring Lake Michigan Coastal Erosion, WI 2020",https://doi.org/10.5069/G9Z036C5,190,190,3922377800,2026-09-20
CA20_Graup,"Preserving Mountains with Forest Management, CA 2020",https://doi.org/10.5069/G96H4FMX,102,102,6565952734,2026-09-20
CA19_Dietrich,"Repeat Mapping of Antelope Valley Ranch, CA, 2019",https://doi.org/10.5069/G9FX77MW,38,38,4572085103,2026-09-20
OR20_Hunter,"Post-Fire Debris Flow Detection and Erosion, Oregon 2020",https://doi.org/10.5069/G9V69GS8,80,80,2873579316,2026-09-20
NZ20_Marlbo,"Marlborough, New Zealand 2020-2022",https://doi.org/10.5069/G97D2SB0,32342,32342,458561816564,2026-09-20
CA20_Brande,"3D Fuel Structure in Relation to Prescribed Fire, CA 2020",https://doi.org/10.5069/G9C53J18,83,83,2426403247,2026-09-20
NC21_Scheip,"Evaluating Area-Volume Relationships after Mass Wasting Event, NC 2020",https://doi.org/10.5069/G9RF5S7S,131,131,6390519637,2026-09-20
NZ21_Otago,"Queenstown, Otago, New Zealand 2021",https://doi.org/10.5069/G9MP51G0,597,597,5827731095,2026-09-20
NZ20_BoP,"Bay of Plenty, New Zealand 2019-2022",https://doi.org/10.5069/G9W66J0Z,37026,37026,605758209696,2026-09-20
NZ20_Whanganui,"Whanganui Urban, Manawatu-Whanganui, New Zealand 2020-2021",https://doi.org/10.5069/G90Z71GX,1283,1283,27305689730,2026-09-20
NZ19_Gisborne,"Gisborne, New Zealand 2018-2020",https://doi.org/10.5069/G92V2D9X,25190,25190,372252394970,2026-09-20
NZ20_Westport,"West Coast, New Zealand 2020-2025",https://doi.org/10.5069/G9Z31WV0,70173,70173,1791530961042,2026-09-20
CA18_Thompson,"Illilouette Creek Basin Lidar Survey, Yosemite Valley, CA 2018",https://doi.org/10.5069/G96M351N,342,342,5990850025,2026-09-20
NZ18_Banks,"Banks Peninsula, Canterbury, New Zealand 2018-2019",https://doi.org/10.5069/G98W3BHC,3151,3151,29068822253,2026-09-20
NZ19_Wellington,"Wellington City, New Zealand 2019-2020",https://doi.org/10.5069/G9K935QX,450,450,15279843287,2026-09-20
UT18_Dennison,"Monitoring Woodland Ecosystems, Utah 2018",https://doi.org/10.5069/G90C4SZ9,1116,1116,18269940074,2026-09-20
MX14_Hinojosa,"Salsipuedes-Punta Morro, Baja California, Mexico 2014",https://doi.org/10.5069/G9FQ9TSV,3,3,83120070,2026-09-20
TX18_Guneralp,"Post Hurricane Harvey Mapping of the Mission River, Texas 2018",https://doi.org/10.5069/G9MG7MPD,87,87,11535980242,2026-09-20
ID19_Mitchell,"Measuring Variations in Bedrock Cliff Morphologies, Idaho 2019",https://doi.org/10.5069/G9GQ6VZP,78,78,2865594077,2026-09-20
NZ18_AmuriCant,"Canterbury, New Zealand 2018-2019",https://doi.org/10.5069/G92N50FT,16382,16382,113935586664,2026-09-20
CA19_Douglas,"Meandering Channels in Death Valley, CA 2019",https://doi.org/10.5069/G96D5R55,112,112,2808632832,2026-09-20
NZ16_North,"Marsden Point, Northland, New Zealand 2016",https://doi.org/10.5069/G9B56GWG,36,36,63382054,2026-09-20
CA19_Townsend,"Post-fire Debris Flows in Santa Monica Mountains, CA 2019",https://doi.org/10.5069/G9MK6B2P,79,79,1462942450,2026-09-20
NZ19_Hamilton,"Hamilton, Waikato, New Zealand 2019",https://doi.org/10.5069/G9891410,1240,1240,20391797074,2026-09-20
NZ18_Tasman,"Motueka River Valley, Tasman, New Zealand 2018-2019",https://doi.org/10.5069/G9D21VRX,1332,1332,33897598005,2026-09-20
CA19_Guilinger,"Change Detection of Post-fire Runoff Events, CA 2019",https://doi.org/10.5069/G9HT2MGB,82,82,1457864438,2026-09-20
CA19_Reed,"Study in Erosion Response: Horse Linto, CA 2019",https://doi.org/10.5069/G9NK3C62,303,303,5213182553,2026-09-20
CA19_Herbst,"Lassen Volcanic National Park, CA 2019",https://doi.org/10.5069/G9SB43XC,261,261,2057429140,2026-09-20
UT19_Padilla,"Normal Fault Comparisons, Utah 2019",https://doi.org/10.5069/G9X34VNQ,92,92,2407583718,2026-09-20
NZ16_NAuckland,"Auckland North, New Zealand 2016-2018",https://doi.org/10.5069/G92R3PVR,13231,13231,210818010378,2026-09-20
NZ20_Balclutha,"Balclutha, Otago, New Zealand 2020",https://doi.org/10.5069/G9C827G1,1283,1283,8773595698,2026-09-20
NZ18_BoP,"Bay of Plenty, New Zealand 2018-2019",https://doi.org/10.5069/G9J101B4,2280,2280,18275988148,2026-09-20
CA15_Dibiase,Southern California Bedrock Landscapes 2015 Airborne Lidar,https://doi.org/10.5069/G9J38QPM,342,342,10800683496,2026-09-20
UT19_Speed,"Interpreting Fluvial Processes from Channel-Belt Deposits, Utah 2018",https://doi.org/10.5069/G9J964J3,281,281,1368872620,2026-09-20
MX14_ABF,"Agua Blanca Fault, Baja California, Mexico.",https://doi.org/10.5069/G9VQ30TT,146,146,1481747136,2026-09-20
GabilanMesa,"High Resolution Topography over Gabilan Mesa, CA 2003",https://doi.org/10.5069/G947481V,15,15,634014381,2026-09-20
CA18_Klamath,"Topographic Data Set: Klamath River, California 2018",https://doi.org/10.5069/G9DN436N,2261,2261,175047139355,2026-09-20
CA17_Duvall,"High Resolution Topography near Santa Cruz, CA 2017",https://doi.org/10.5069/G9FN14B1,54,54,10036450467,2026-09-20
NZ18_PalmN,"Palmerston North, Manawatu-Whanganui, New Zealand 2018",https://doi.org/10.5069/G95B00M0,1265,1265,79567374970,2026-09-20
NZ18_Canterbury,"Christchurch and Ashley River, Canterbury, New Zealand 2018-2019",https://doi.org/10.5069/G91J97WQ,1867,1867,17310073541,2026-09-20
NZ15_Huntly,"Huntly, Waikato, New Zealand 2015-2019",https://doi.org/10.5069/G9FT8J6K,1838,1838,12539672208,2026-09-20
CA19_ridge3,"2019 Ridgecrest, CA Post-Earthquake Lidar Collection",https://doi.org/10.5069/G9W0942Z,910,910,56142505243,2026-09-20
NZ16_SAuckland,"Auckland South, New Zealand 2016-2017",https://doi.org/10.5069/G9KP8095,6195,6195,167278096973,2026-09-20
CA15_CRREL,"Lake Isabella Lidar Collection, CA 2015",https://doi.org/10.5069/G9SF2TBQ,286,286,2683328916,2026-09-20
CA08_Amos,"Kern Canyon Lidar Collection, CA 2008",https://doi.org/10.5069/G9X34VM8,798,798,15011855613,2026-09-20
NZ16_Whangarei,"Whangarei Heads, Northland, New Zealand 2016",https://doi.org/10.5069/G91V5C3N,259,259,981034559,2026-09-20
NZ17_Waikato,"Thames, Waikato, New Zealand 2017-2019",https://doi.org/10.5069/G9MS3QWX,498,498,3420743813,2026-09-20
NZ19_Waikato,"Reporoa and Upper Piako River, Waikato, New Zealand 2019",https://doi.org/10.5069/G9SJ1HQK,1405,1405,10777064199,2026-09-20
CA18_Feehan,"Paleo-Outburst Floods in the Truckee River Canyon, CA",https://doi.org/10.5069/G9X928F9,155,155,2931783854,2026-09-20
CA19_Murphy,"Alteration of Groundwater Flow due to Slow Landslide Failure, CA",https://doi.org/10.5069/G9SQ8XJP,60,60,2373708174,2026-09-20
CA19_ridgecrest,"2019 Ridgecrest, CA: Trona-Argus Area - Post-Earthquake Lidar",https://doi.org/10.5069/G97W69C0,36,36,1226440047,2026-09-20
CA18_Hemes,"Ecosystem Structure in Hetereogeneous Restored Wetlands, CA 2018",https://doi.org/10.5069/G9ZK5DT3,101,101,3622710653,2026-09-20
CA18_Sare,"Point Classification for Hazard Applications: Mammoth Lakes, CA",https://doi.org/10.5069/G9TT4P3S,46,46,656301054,2026-09-20
ID18_Struble,Control of steepland landscape morphology in Idaho Batholith,https://doi.org/10.5069/G98050QQ,97,97,3970242484,2026-09-20
AZ12_USFS,"Mapping the Kaibab Plateau, AZ",https://doi.org/10.5069/G9TX3CH3,1359,1359,180488919893,2026-09-20
CA17_Dietrich,"High Resolution Mapping of Antelope Valley Ranch, CA.",https://doi.org/10.5069/G9QC01MQ,41,41,4446430458,2026-09-20
NZ18_Marlbo,"Marlborough, New Zealand 2018",https://doi.org/10.5069/G91R6NNG,2286,2286,27765706739,2026-09-20
WA18_Wall,"High-Resolution Mapping of Goat Rock Volcano, WA",https://doi.org/10.5069/G95H7DC6,94,94,1791048797,2026-09-20
NZ15_Manawatu,"Manawatu - Whanganui, New Zealand 2015-2016",https://doi.org/10.5069/G9G44NDD,7550,7550,34028173210,2026-09-20
CA16_Krugh,"Erosion and sedimentation within the Kern River Canyon, CA",https://doi.org/10.5069/G95Q4T79,304,304,20100769677,2026-09-20
NM18_Neely,"Quantifying rock strength controls in Guadalupe Mountains, NM/TX",https://doi.org/10.5069/G9BK19G8,87,87,3321104633,2026-09-20
NM16_Dorshow,"3D Landscape Reconstruction and Land Use Modeling, Chaco Canyon, NM 2016",https://doi.org/10.5069/G9XG9P8D,624,624,27261248170,2026-09-20
NZ16_Canterbury,"Canterbury, New Zealand 2016-2017",https://doi.org/10.5069/G9707ZJH,2169,2169,29584229864,2026-09-20
CA18_Vadman,"Mapping of Displacements Near Parkfield, California",https://doi.org/10.5069/G9HD7SRR,120,120,2697473511,2026-09-20
CA09_Heimsath,"Mapping of  San Gabriel Mountains, CA 2009 Fire",https://doi.org/10.5069/G94M92N4,418,418,6906713696,2026-09-20
UT16_UGS,2015-2017 State of Utah Lidar Acquisition,https://doi.org/10.5069/G9RV0KSQ,12458,12458,513403233007,2026-09-20
NZ16_Otago,"Otago, New Zealand 2016",https://doi.org/10.5069/G9F47M7K,6420,6420,15139147053,2026-09-20
NZ16_Queen,"Queenstown, Otago, New Zealand 2016",https://doi.org/10.5069/G9QJ7FDC,1008,1008,5711815074,2026-09-20
NZ15_Mack_Cant,"Mackenzie, Canterbury, New Zealand 2015",https://doi.org/10.5069/G99G5JWQ,2589,2589,3113301191,2026-09-20
OR18_Roering,"Eagle Creek Fire Area in the Columbia River Gorge, Oregon",https://doi.org/10.5069/G9M043H0,373,373,20929622193,2026-09-20
NZ17_GoldenBay,"Golden Bay, Tasman, New Zealand 2017",https://doi.org/10.5069/G9N877WS,1153,1153,34773848549,2026-09-20
NZ15_Rich_Motu,"Richmond and Motueka, Tasman, New Zealand 2015",https://doi.org/10.5069/G92B8W34,1087,1087,3768440080,2026-09-20
NZ16_AbelTas_GB,"Abel Tasman and Golden Bay, Tasman, New Zealand 2016",https://doi.org/10.5069/G9BR8Q8X,338,338,16033634034,2026-09-20
NZ14_Blenheim,"Blenheim, Marlborough, New Zealand 2014",https://doi.org/10.5069/G9WH2MXG,1420,1420,3555950771,2026-09-20
ID15_Lohse,Reynolds Creek Critical Zone Observatory 2015 Post-Soda Fire Lidar,https://doi.org/10.5069/G9PK0D73,192,192,5849264924,2026-09-20
HI18_KilaueaJL,"Kilauea Volcano, HI July 2018 Acquisition",https://doi.org/10.5069/G9M32SV1,294,294,10779517714,2026-09-20
HI18_Kilauea,"Kilauea Volcano, HI June 2018 Acquisition",https://doi.org/10.5069/G98K7718,206,206,54217983093,2026-09-20
UT17_Jones,"Mapping of Diamond Fork River, UT 2017",https://doi.org/10.5069/G94T6G9J,164,164,5615762240,2026-09-20
CA17_Gentile,"Distribution and Legacy of Large Landslides, San Gabriel Mountains, CA 2017",https://doi.org/10.5069/G96T0JK9,89,89,1223904768,2026-09-20
WY17_Garcia,"Mapping of Hydrothermal Explosion Craters in Yellowstone N.P., WY 2017",https://doi.org/10.5069/G94T6GDW,105,105,4975809158,2026-09-20
AZ17_Donager,"Characterizing Forest Structure Changes and Effects on Snowpack, AZ 2017",https://doi.org/10.5069/G90Z716B,133,133,2194380208,2026-09-20
JN16_KumapostEQ,Post-Kumamoto Earthquake (16 April 2016) Rupture Lidar Scan,https://doi.org/10.5069/G9SX6B9T,14,14,1977012474,2026-09-20
JN16_KumapreEQ,Pre-Kumamoto Earthquake (16 April 2016) Rupture Lidar Scan,https://doi.org/10.5069/G9XP7303,11,11,2050302061,2026-09-20
AU17Strathalbyn,"Very High Resolution Airborne Lidar at Strathalbyn in Queensland, Australia",https://doi.org/10.5069/G9765CFF,2,2,2234462667,2026-09-20
NZ10_Wellington,"Wellington Fault, NZ 2010",https://doi.org/10.5069/G9T43R57,18,18,125750786,2026-09-20
NZ10_HopeFault,"Hope Fault, NZ 2010",https://doi.org/10.5069/G93J3B2J,81,81,251494206,2026-09-20
CA17_Guns,"Slip transfer through the Eastern Transverse Ranges, CA 2017",https://doi.org/10.5069/G9D21VP1,87,87,1558192975,2026-09-20
CA17_Waco,"Fault geometry on the Mission Creek-Mill Creek faults, CA 2017",https://doi.org/10.5069/G9000055,79,79,1241558837,2026-09-20
CA17_Lin,"Topographic stress controls, San Bernardino Mountains, CA 2017",https://doi.org/10.5069/G98G8HSS,81,81,2374168197,2026-09-20
CA05USGSB4,B4 Project - Southern San Andreas and San Jacinto Faults - Classified Lidar,https://doi.org/10.5066/F7TQ5ZQ6,1044,1044,15519369735,2026-09-20
TX15Passalacqua,"Trinity River, Texas 2015",https://doi.org/10.5069/G9JW8BX4,440,440,34532749212,2026-09-20
TX15_Rapid,"Austin, TX, Rapid Response, 2015",https://doi.org/10.5069/G9FB5115,232,232,7903735438,2026-09-20
NV15_Wesnousky,"Walker Fault System, Nevada, 2015",https://doi.org/10.5069/G95T3HJ8,3470,3470,11851342283,2026-09-20
UT16_Koch,"Straight Cliffs Formation, South-Central Utah, 2016",https://doi.org/10.5069/G99K489F,109,109,4259322601,2026-09-20
OR16_Dassow,"Illinois River, OR, Coast Ranges, 2016",https://doi.org/10.5069/G9QR4V6K,158,158,4424100877,2026-09-20
UT16_Hayden,"San Rafael River, Castle Dale, Utah, 2016",https://doi.org/10.5069/G9GB225J,83,83,1177916617,2026-09-20
CA16_Cochran,"San Bernardino Mountains, CA 2016",https://doi.org/10.5069/G9SX6B51,214,214,2450198161,2026-09-20
CA15_Dietrich,"Laytonville, CA lidar 2015",https://doi.org/10.5069/G9WH2N2P,97,97,6079220850,2026-09-20
MT16_Benjaram,"Northern Rockies, Montana lidar 2016",https://doi.org/10.5069/G9RR1W9H,146,146,4623099295,2026-09-20
CO15_Lee_191,"Slumgullion Landslide, Colorado (July 10, 2015)",https://doi.org/10.5069/G91834KD,28,28,944786480,2026-09-20
CO15_Lee_188,"Slumgullion Landslide, Colorado (July 7, 2015)",https://doi.org/10.5069/G91834KD,28,28,1017106861,2026-09-20
CO15_Lee_184,"Slumgullion Landslide, Colorado (July 3, 2015)",https://doi.org/10.5069/G91834KD,25,25,970233665,2026-09-20
Waikato_2015,"West Coast and Hauraki Plains, Waikato, New Zealand 2015",https://doi.org/10.5069/G9P55KFM,1542,1542,1997018132,2026-09-20
MT16_Ackerman,"Powder River, MT 2016",https://doi.org/10.5069/G93F4MJG,149,149,3791071397,2026-09-20
Wellington_2013,"Wellington, New Zealand 2013-2014",https://doi.org/10.5069/G9CV4FPT,9402,9402,266056994473,2026-09-20
CA14_Dietrich_B,Eel River Critical Zone Observatory July 2014 Lidar Survey (532 nm),https://doi.org/10.5069/G9MP517V,596,596,15893369990,2026-09-20
CA14_Dietrich_A,Eel River Critical Zone Observatory July 2014 Lidar Survey (1064 nm/Angelo),https://doi.org/10.5069/G9MP517V,83,83,3567664724,2026-09-20
Hurunui_2013,"Hurunui Rivers, Canterbury, New Zealand 2013",https://doi.org/10.5069/G9PC3093,1823,1823,2278763548,2026-09-20
CA16_Martens,"Inyo Domes, CA lidar 2016",https://doi.org/10.5069/G98913TW,76,76,2485200623,2026-09-20
CA14_Guo,2014 USFS Tahoe National Forest Lidar,https://doi.org/10.5069/G9V122Q1,3563,3563,111306369653,2026-09-20
CA13_Guo,2013 USFS Tahoe National Forest Lidar,https://doi.org/10.5069/G9ZS2TF2,2396,2396,112511574438,2026-09-20
Chch_Selwn_2015,"Christchurch and Selwyn, Canterbury, New Zealand 2015",https://doi.org/10.5069/G9JQ0XZV,4900,4900,28342330355,2026-09-20
CA13_Ramirez_SF,"Yosemite Rim Fire, Smithsonian Forest lidar 2013",https://doi.org/10.5069/G9V69GJ4,2,2,361023254,2026-09-20
CA13_Ramirez,Yosemite Rim Fire lidar 2013,https://doi.org/10.5069/G9V69GJ4,1736,1736,106290391143,2026-09-20
IA14_Kumar_532,"IML Critical Zone Observatory, Clear Creek Aug 2014 Lidar Survey (532 nm)",https://doi.org/10.5069/G9RF5S0N,186,186,549186339,2026-09-20
BOP_Coast_2015,"Tauranga and Coast, Bay of Plenty, New Zealand 2015",https://doi.org/10.5069/G900002T,2417,2417,3729900165,2026-09-20
Timaru_2014,"Timaru Rivers, Canterbury, New Zealand 2014",https://doi.org/10.5069/G93R0QSF,2111,2111,3266174427,2026-09-20
Rangiora_2014,"Rangiora, Canterbury, New Zealand 2014",https://doi.org/10.5069/G97D2S3V,1626,1626,3045543228,2026-09-20
Hurunui_2015,"Cheviot and Hawarden, Canterbury, New Zealand 2015",https://doi.org/10.5069/G9C53HSQ,363,363,367565944,2026-09-20
Amberley_2012,"Amberley, Canterbury, New Zealand 2012",https://doi.org/10.5069/G9GX48H4,426,426,635004339,2026-09-20
IL14_Kumar_532,"IML Critical Zone Observatory, Sangamon River, IL Aug 2014 (532 nm)",https://doi.org/10.5069/G9W66HQZ,180,180,691045548,2026-09-20
Kaikoura_2012,"Kaikoura, Canterbury, New Zealand 2012",https://doi.org/10.5069/G98C9T67,1299,1299,2098542527,2026-09-20
UT14_Schaffra_B,"Tushar Mountains, Utah (532 nm)",https://doi.org/10.5069/G97M05W1,138,138,575668350,2026-09-20
WY14_Tennant_B,"Greys River, WY (532 nm)",https://doi.org/10.5069/G9CC0XNT,222,222,1673745951,2026-09-20
NE15_AlexanderB,"Niobrara River, Nebraska (532 nm)",https://doi.org/10.5069/G9NP22DP,112,112,757391328,2026-09-20
MDV_2014,"2014-2015 lidar survey of the McMurdo Dry Valleys, Antarctica",https://doi.org/10.5069/G9D50JX3,4062,4062,34799173993,2026-09-20
NE15_Alexander,"Niobrara River, Nebraska",https://doi.org/10.5069/G9NP22DP,114,114,850095975,2026-09-20
FL15_Garvis,"Sea Grass Beds, Apalachicola, FL",https://doi.org/10.5069/G9HX19NH,157,157,1530713472,2026-09-20
LA09_Buttles,"Wax Lake Delta, Louisiana, USA 2009",https://doi.org/10.5069/G95M63M8,241,241,1156056396,2026-09-20
WLD_2013,"Wax Lake Delta, Louisiana, USA 2013",https://doi.org/10.5069/G9SF2T41,24,24,1455834368,2026-09-20
NV15_Snyder,"Woodland-encroached sagebrush ecosystem, Nevada",https://doi.org/10.5069/G9X63JVB,79,79,1152545217,2026-09-20
CA15_Pfeiffer,"Big Creek, California",https://doi.org/10.5069/G91V5BX0,31,31,651982726,2026-09-20
Israel_2006,"Israel Mediterranean Sharon sea cliff, 2006",https://doi.org/10.5069/G99C6VBM,1,1,24960180,2026-09-20
UT15_Kellum,"Lake Bonneville, Utah",https://doi.org/10.5069/G9JW8BTS,75,75,962902368,2026-09-20
CA15_Morgan,"Channel Avulsion in Bishop, California",https://doi.org/10.5069/G9PN93JH,68,68,985248314,2026-09-20
CA15_Hislop,"Little San Bernardino Mountains, Joshua Tree National Park, California",https://doi.org/10.5069/G9F47M2B,82,82,954652551,2026-09-20
CA14_Lowe,Santa Clarita Topography,https://doi.org/10.5069/G9TB14V2,67,67,685018635,2026-09-20
BCZO_SnowOn2021,Boulder Creek Critical Zone Observatory May 20-21 2010 Snow-On Lidar Survey,https://doi.org/10.5069/G9Z31WKD,358,358,6161307062,2026-09-20
BCZO_SnowOn09,Boulder Creek Critical Zone Observatory May 9 2010 Snow-On Lidar Survey,https://doi.org/10.5069/G9Z31WKD,365,365,2589059649,2026-09-20
BCZO_SnowOn05,Boulder Creek Critical Zone Observatory May 5 2010 Snow-On Lidar Survey,https://doi.org/10.5069/G9Z31WKD,364,364,3723293005,2026-09-20
SC16_CZO,Calhoun Critical Zone Observatory 2016 Leaf Off LiDAR Survey,https://doi.org/10.5069/G96M34RN,96,96,15115272631,2026-09-20
FL14_Cohen,Everglades National Park,https://doi.org/10.5069/G9BC3WG0,8,8,907805957,2026-09-20
NZ14_Dolan,"Marlborough Fault System, South Island, New Zealand",https://doi.org/10.5069/G9G44N75,778,778,11807197058,2026-09-20
Auckland_2013,"Auckland, New Zealand 2013",https://doi.org/10.5069/G9KW5CZ5,6511,6511,46225212530,2026-09-20
NEON_D17,NEON D17 Pacific Southwest- California,https://doi.org/10.5069/G9V98609,442,442,5574894530,2026-09-20
UT14_Schaffrath,"Tushar Mountains, Utah (1550 nm)",https://doi.org/10.5069/G97M05W1,138,138,699598276,2026-09-20
CA14_Milodowski,"Yucaipa Ridge, San Bernardino Mountains, CA",https://doi.org/10.5069/G93T9F55,94,94,1393636382,2026-09-20
MT14_Johnson,1959 Hebgen Lake rupture (Montana),https://doi.org/10.5069/G9H41PCJ,131,131,2108408531,2026-09-20
WY14_Tennant,"Greys River, WY (1550 nm)",https://doi.org/10.5069/G9CC0XNT,444,444,3412845927,2026-09-20
MT14_Sprain,Geologic Mapping of Coal Beds (Northeastern Montana),https://doi.org/10.5069/G9MS3QP7,76,76,2219060746,2026-09-20
CA14_Delano,"Volcanic Tablelands in Bishop, California",https://doi.org/10.5069/G9RJ4GCH,66,66,1908362482,2026-09-20
SC14_CZO,Calhoun Critical Zone Observatory 2014 Leaf On Survey,https://doi.org/10.5069/G9125QK4,184,184,13617114282,2026-09-20
WY08_SnakeRiver,"Snake River, Wyoming",https://doi.org/10.5069/G9W95737,47,47,1213030950,2026-09-20
CA12_Eggers,"Surprise Valley, CA",https://doi.org/10.5069/G9J10130,935,935,21329848464,2026-09-20
POLETA,"Poleta Folds, southern Deep Springs Valley, California",https://doi.org/10.5069/G95T3HFX,77,77,260300312,2026-09-20
NAPA_2014,"August 24, 2014 South Napa Earthquake",https://doi.org/10.5069/G9F769H3,103,103,19962915541,2026-09-20
CA14_Kleber,"Wheeler Ridge, CA",https://doi.org/10.5069/G99K485N,98,98,1477317897,2026-09-20
NV12_Valentine,"Lunar Crater Volcanic Field, Central Nevada",https://doi.org/10.5069/G9PR7SX0,434,434,9120131209,2026-09-20
CO12_Glennie,"Kremmling, CO: Blue and Colorado River Confluence",https://doi.org/10.5069/G9NS0RS5,34,34,107062612,2026-09-20
Sunset_Crater,"Sunset Crater Volcano National Monument, AZ",https://doi.org/10.5069/G9K0726C,35,35,1934505434,2026-09-20
UGS_Wasatch,State of Utah Acquired Lidar Data - Wasatch Front,https://doi.org/10.5069/G9TH8JNQ,4317,4317,1494413597881,2026-09-20
SONOMA_LIDAR,UMD-NASA Carbon Mapping /Sonoma County Vegetation Mapping and Lidar Program,https://doi.org/10.5069/G9G73BM1,11035,11035,374029118622,2026-09-20
NM12_Pelletier,"Jemez River Basin, NM: Post-fire Landscape Response",https://doi.org/10.5069/G9319SVB,216,216,11123605645,2026-09-20
CA12_Selander,"Harper Lake Fault Slip Distribution, Central Mojave, CA",https://doi.org/10.5069/G9BG2KXR,341,341,4238116597,2026-09-20
CA13_Tortini,"Mount Shasta, CA: Quaternary Debris Avalanche",https://doi.org/10.5069/G97P8WB8,84,84,864580497,2026-09-20
CA13_Johnstone,"Gabilan Mesa, CA: Valley Alluviation effects on Hillslope-Channel Coupling",https://doi.org/10.5069/G9416V04,103,103,1042122087,2026-09-20
OR13_Sweeney,"Mapleton, OR: Transient Landscape Evolution in the Oregon Coast Range",https://doi.org/10.5069/G9VH5KS3,79,79,2941339252,2026-09-20
AZ13_BReyes,"Santa Maria River, AZ: Vegetation and channel form",https://doi.org/10.5069/G9QR4V2S,72,72,1028522254,2026-09-20
OR13_CDarriau,"Triangle Lake, OR: Earthquake Induced Landslide",https://doi.org/10.5069/G9M043BR,90,90,2787572442,2026-09-20
UT13_Richardson,"San Rafael, UT: Survey of Exposed Subsurface Volcanic Features",https://doi.org/10.5069/G908638S,71,71,775099953,2026-09-20
MS11_Kumar,Rapid Response to 2011 Mississippi Flood,https://doi.org/10.5069/G9CF9N1J,228,228,4001352793,2026-09-20
ARRA10_USGS,"Central U.S. ARRA Lidar, New Madrid Seismic Zone",https://doi.org/10.5069/G9N014G4,1039,1039,29542800514,2026-09-20
ARRA11_USGS,California ARRA Lidar,https://doi.org/10.5069/G9H70CRD,1416,1416,36282596416,2026-09-20
HI13_Murphy,"Kohala Peninsula, Hawaii: Precipitation Effects on Landscape Evolution",https://doi.org/10.5069/G9J67DW7,67,67,969372932,2026-09-20
HI13_Huppert,"Na Pali Coast, Kauai, Hawaii",https://doi.org/10.5069/G91834D5,146,146,4037551528,2026-09-20
FL12_Feliciano,South Florida Everglades,https://doi.org/10.5069/G9XG9P2Q,78,78,1491523026,2026-09-20
CA11_Finnegan,"California Coast: Big Creek, Vincente, Arroyo Seco, Scotts Creek, UCSC",https://doi.org/10.5069/G9SQ8XB0,414,414,16437315610,2026-09-20
AUS11_Victor,"Victor Harbour - South Australia, 2011",https://doi.org/10.5069/G9251G47,429,429,2369854144,2026-09-20
MT05_05Lorang,"Flathead Lake Biological Station, MT (May 2005)",https://doi.org/10.5069/G95X26V7,36,36,425543137,2026-09-20
WY12_Befus,"Solfatara Plateau Obsidian Lava Flow, Yellowstone National Park, WY",https://doi.org/10.5069/G99P2ZKK,77,77,1767321745,2026-09-20
WA12_Dickerson,"Hyak, WA:  Cedar River Municipal Watershed Snow Modeling",https://doi.org/10.5069/G9K64G11,96,96,2350912255,2026-09-20
WA12_Legg,"Southwest Flank of Mt.Rainier, WA",https://doi.org/10.5069/G9PZ56R1,132,132,4370161135,2026-09-20
CO10_Tucker,"Raleigh Peak, Colorado: May 2010",https://doi.org/10.5069/G9TM782F,75,75,2175894907,2026-09-20
CO10_Grigsby,2010 CU-Boulder Campus and Flatirons,https://doi.org/10.5069/G9ZC80SR,67,67,809420432,2026-09-20
CA12_Lifton,"White Mountain Fault Zone, Owens Valley, CA",https://doi.org/10.5069/G9FF3Q99,71,71,847421766,2026-09-20
NM07_Jurado,"Ladron Peak, New Mexico Survey",https://doi.org/10.5069/G9348H82,54,54,289957585,2026-09-20
NC08_Morse,"Columbia, NC: Modeling Coastal Plain Wetland Ecosystems",https://doi.org/10.5069/G9QV3JG3,34,34,1051163499,2026-09-20
ME07_Snyder,"Survey of Sheepscot, Narragaugus and Pleasant Rivers, Maine",https://doi.org/10.5069/G9M61H5D,1235,1235,20759424990,2026-09-20
SSCZO_Mar10,Southern Sierra Nevada Critical Zone Observatory: Snow On,https://doi.org/10.5069/G9GF0RFP,157,157,3447068367,2026-09-20
SSCZO_Aug10,Southern Sierra Nevada Critical Zone Observatory: Snow Off,https://doi.org/10.5069/G9BP00QB,166,166,5290328437,2026-09-20
SHCZO_Jul10,Susquehanna Shale Hills Critical Zone Observatory: Leaf On Survey,https://doi.org/10.5069/G96W980G,849,849,11547482324,2026-09-20
SHCZO_Dec10,Susquehanna Shale Hills Critical Zone Observatory: Leaf Off Survey,https://doi.org/10.5069/G9VM496T,849,849,12789952645,2026-09-20
UGS_LIDAR,Utah Geological Survey Lidar,https://doi.org/10.5069/G90C4SPQ,1609,1609,33836876838,2026-09-20
NC07_Tebbens,North Carolina Coast: Quantifying Patterns of Coastal Change (July 2007),https://doi.org/10.5069/G91C1TT3,92,92,241754003,2026-09-20
NC06_Tebbens,North Carolina Coast: Quantifying Patterns of Coastal Change (June 2006),https://doi.org/10.5069/G9542KJT,32,32,267010757,2026-09-20
AK05_Pavlis,St. Elis Mountains and Gulf of Alaska,https://doi.org/10.5069/G9R20Z92,537,537,3470819900,2026-09-20
CA12_Sousa,"Mojave Desert, CA: Evolution of the Hector Mine Earthquake Surface Rupture",https://doi.org/10.5069/G9HD7SKH,135,135,1347929997,2026-09-20
MT09_05Lorang,"Flathead Lake Biological Station, MT (September 2005)",https://doi.org/10.5069/G97W694V,25,25,664836362,2026-09-20
CA12_Moon,Northern California Coast: Slope Failure in Low and High Uplift Regions,https://doi.org/10.5069/G9N29TWH,73,73,1797024743,2026-09-20
OR08_Deardorff,"North Sister, OR: Collier Cone Lava Flow",https://doi.org/10.5069/G9WM1BB6,80,80,646777868,2026-09-20
VA05_Bierman,Survey of Parts of Potomac and Susquehanna Rivers,https://doi.org/10.5069/G9RV0KMG,24,24,275947025,2026-09-20
CA03_Wasklewicz,"Death Valley National Park, CA: Badwater Basin",https://doi.org/10.5069/G98W3B87,136,136,583209605,2026-09-20
DUNES_BRA,"Coastal Dune Fields of Garopaba and Vila Nova, Santa Catarina State, Brazil",https://doi.org/10.5069/G9DN430Z,2,2,63649417,2026-09-20
CA13_SAN_SIM,"PG&E Diablo Canyon Power Plant (DCPP): San Simeon, CA Central Coast",https://doi.org/10.5069/G9CN71V5,2336,2336,90437616122,2026-09-20
CA11_LOS_OSOS,"PG&E Diablo Canyon Power Plant (DCPP): Los Osos, CA Central Coast",https://doi.org/10.5069/G9J9649Z,1878,1878,22432441376,2026-09-20
CA10_DIABLO,"PG&E Diablo Canyon Power Plant (DCPP): Diablo Canyon, CA Central Coast",https://doi.org/10.5069/G9P26W19,151,151,1348922517,2026-09-20
CA12_Harvey,"Mojave Desert, CA: Precariously Balanced Rocks in Seismic Hazard Analysis",https://doi.org/10.5069/G92B8VZX,55,55,675310315,2026-09-20
CA04_Power,"South Fork Eel River, CA Watershed Morphology",https://doi.org/10.5069/G9639MPN,289,289,1903359692,2026-09-20
NH10_Gartner,"West Swanzey, NH: Geomorphic Response to Dam Removal, Ashuelot River (2010)",https://doi.org/10.5069/G9XK8CG1,120,120,2385754280,2026-09-20
CA10_Stock,Yosemite National Park: Poopenaut Valley and Wawona,https://doi.org/10.5069/G99W0CDM,99,99,1356648190,2026-09-20
Missis_VT,Missisquoi Watershed Lidar,https://doi.org/10.5069/G9ST7MR9,689,689,20989674542,2026-09-20
pEMC_ecor,2006 INEGI Sierra Cucupah Empirically Corrected Lidar Dataset,https://doi.org/10.5069/G9S180F8,1,1,56702699,2026-09-20
UT08_Corbett,"Henry Mountains, UT: Hillslope-Channel Coupling in a Bedrock Landscape",https://doi.org/10.5069/G9736NT1,63,63,465522273,2026-09-20
UT05_Evans,"White Canyon and Hite, Lake Powell, Utah",https://doi.org/10.5069/G9M906KQ,29,29,330352949,2026-09-20
CA06_Reed,"Merced, CA: Origin and Evolution of the Mima Mounds",https://doi.org/10.5069/G93B5X3Q,14,14,144140737,2026-09-20
MA05_Valentine,"Plum Island, MA",https://doi.org/10.5069/G9TT4NWP,51,51,584392194,2026-09-20
NM09_09Kocurek,"White Sands National Monument, NM: Lidar Survey of Dune Fields (Sept 2009)",https://doi.org/10.5069/G9ZK5DMD,67,67,631224520,2026-09-20
NM09_01Kocurek,"White Sands National Monument, NM: Lidar Survey of Dune Fields (Jan 2009)",https://doi.org/10.5069/G9Q23X5P,52,52,394341332,2026-09-20
CA05_Wernicke,Pahrump  Valley: California/Nevada State Line,https://doi.org/10.5069/G9K935FB,15,15,84501281,2026-09-20
WY07_Legleiter,"Yellowstone National Park, WY: Quantifying Gravel-Bed Rivers",https://doi.org/10.5069/G9BR8Q44,94,94,433580318,2026-09-20
CA07_DiBiase,"San Gabriel Mountains, CA: Tectonics and Topography",https://doi.org/10.5069/G9GH9FVF,59,59,563732196,2026-09-20
WY07_Pollard,"Greybull, WY: Sheep Mountain Anticline",https://doi.org/10.5069/G94B2Z73,117,117,629920730,2026-09-20
CA08_Huntington,"Truckee, CA: Sagehen  Creek Snowpack Measurement",https://doi.org/10.5069/G90K26HR,63,63,806251356,2026-09-20
AZ08_Kruse,"Perry Mesa, AZ: Ancient Agricultural Features and Landscape Transformation",https://doi.org/10.5069/G9VT1Q1G,89,89,373097215,2026-09-20
CO05_Anderson,"Niwot Ridge Long-Term Ecological Research Site, Colorado",https://doi.org/10.5069/G9FJ2DQM,64,64,248646579,2026-09-20
CO05_Staley,"Silver Plume, CO",https://doi.org/10.5069/G9N877QJ,96,96,207839829,2026-09-20
NC06_Jungers,"Great Smokey Mountains, NC",https://doi.org/10.5069/G98050JG,8,8,103290562,2026-09-20
ID06_Dietrich,"Blind Canyon and Box Canyon, Twin Falls, ID",https://doi.org/10.5069/G9HH6H07,4,4,65005542,2026-09-20
CA06_Dietrich,"Golden Gate National Recreation Area and Mt. Tamalpais State Park, CA",https://doi.org/10.5069/G9CR5R8H,7,7,130447215,2026-09-20
CA06_Roering,"Eel River, CA: Landsliding and the Evolution of Mountainous Landscapes",https://doi.org/10.5069/G9XS5S9P,80,80,1668172602,2026-09-20
MT05_McGlynn,"Tender Foot, MT: Hydrological Processes on Hill Slopes",https://doi.org/10.5069/G92F7KCN,40,40,671247242,2026-09-20
MT05_Gardner,"Big Sky, MT: Patterns of Nitrogen Export & Land Use Change",https://doi.org/10.5069/G9668B3C,79,79,2034031669,2026-09-20
CA05_Snyder,"Furnace Creek Wash, Death Valley National Park, California",https://doi.org/10.5069/G9P848VX,23,23,160246673,2026-09-20
CA05_Hilley,"Dragons Back Ridge: San Andreas Fault, California",https://doi.org/10.5069/G99Z92TC,24,24,198013880,2026-09-20
CA05_Heimsath,"Sierra National Forest, CA: Soil Formation and Transport",https://doi.org/10.5069/G9FQ9TJQ,16,16,283765778,2026-09-20
IL05_Granger,"Lawrenceville, IL: Detecting Tectonically Deformed Shorelines",https://doi.org/10.5069/G9KH0K80,31,31,269101957,2026-09-20
CA05_Dolan,"Furnace Creek and Fish Lake Valley Fault Zones, Death Valley National Park",https://doi.org/10.5069/G9T151KN,68,68,141874140,2026-09-20
UT05_Pollard,"Raplee Ridge, Utah",https://doi.org/10.5069/G9Q81B0Q,238,238,205002060,2026-09-20
IN_2011_2013,2011 - 2013 Indiana Statewide Lidar,https://doi.org/10.5069/G9959FHZ,44674,44674,4186169232130,2026-09-20
CO08_McCoy,"San Isabel NF, CO: Debris Flow Mechanics and Landscape Evolution",https://doi.org/10.5069/G9TX3C9D,56,56,887036624,2026-09-20
CO07_Tucker,"West Bijou Creek, CO",https://doi.org/10.5069/G9ZP4414,42,42,161888795,2026-09-20
CA09_Perkins,"South Fork Eel River, CA: Understanding Terrace Formation and Abandonment",https://doi.org/10.5069/G93F4MH1,508,508,11438158896,2026-09-20
OR07_Lancaster,Oregon Coast Range: Sediment Storage in Debris-Flows,https://doi.org/10.5069/G9765C7R,99,99,1497239445,2026-09-20
LCZO_BLCMM,Luquillo CZO Rio Blanco and Rio Mameyes Lidar Survey 2010-2011,https://doi.org/10.5069/G9BZ63ZR,291,291,12165933995,2026-09-20
NMSZ_MO_AR,New Madrid Seismic Zone,https://doi.org/10.5069/G94F1NND,1355,1355,69938714746,2026-09-20
CA06_Stock,"Yosemite, CA: El Portal, Mariposa Grove, Yosemite Canyon & Tuolumne Meadows",https://doi.org/10.5069/G9GQ6VP3,61,61,954663767,2026-09-20
CA06_Martel,"Yosemite, CA: Spatial & Temporal Patterns of Nitrogen Export",https://doi.org/10.5069/G9MG7MDT,35,35,672695549,2026-09-20
FL05_Swain,"Lake Placid, FL: Lidar Survey of the Archbold Biological Station",https://doi.org/10.5069/G9R49NQT,28,28,707140456,2026-09-20
CA07_Marshall,"Loma Mar, CA: Lidar survey of the San Jose Mountains",https://doi.org/10.5069/G9VX0DFS,22,22,409608745,2026-09-20
CO07_Berlin,"Grand Junction, CO: Roan Plateau",https://doi.org/10.5069/G90P0WXP,174,174,1004272555,2026-09-20
TX11_Ferreira,"Corpus Cristi, TX: Influence of Dunes & Barrier Islands on Hurricane Surge",https://doi.org/10.5069/G9862DC4,56,56,449379332,2026-09-20
NM11_Slater,"Lincoln National Forest, NM: Floodplains in Fluvial Networks",https://doi.org/10.5069/G9CZ353J,66,66,980270723,2026-09-20
UT11_Olinde,"Hite, UT: Quantifying Evolution and Stability of Coarse Alluvial Channels",https://doi.org/10.5069/G9NC5Z4W,120,120,1505658493,2026-09-20
UT11_Lokteff,"Cache NF, UT: Predicting Bonneville Cutthroat Trout Spawning Hotspots",https://doi.org/10.5069/G9HQ3WTG,77,77,1297480923,2026-09-20
ID11_Havens,"Boise NF, ID: Avalanche Forecasting and Acoustic Detection",https://doi.org/10.5069/G9S46PV6,61,61,1002517998,2026-09-20
ID11_Wood,"Bitterroot NF, ID: Transient Hillslope Response to Knickpoint Migration",https://doi.org/10.5069/G9WW7FKM,63,63,857963923,2026-09-20
WY11_Biederman,"Medicine Bow NF, WY: Forest Ecosystem Impacts by Mountain Pine Beetle",https://doi.org/10.5069/G91N7Z2X,48,48,1292545931,2026-09-20
CHANNEL_IS,2010 Channel Islands Lidar Collection,https://doi.org/10.5069/G95D8PS7,302,302,21002131960,2026-09-20
JRB_10_Jul,Jemez River Basin Snow-off Lidar Survey,https://doi.org/10.5069/G9RB72JV,757,757,32943945244,2026-09-20
JRB_10_Mar,Jemez River Basin Snow-on Lidar Survey,https://doi.org/10.5069/G9W37T86,294,294,9236336770,2026-09-20
NH11_Gartner,"West Swanzey, NH: Geomorphic Response to Dam Removal, Ashuelot River(2011)",https://doi.org/10.5069/G90V89R5,64,64,2206186851,2026-09-20
OR08_Wallick,"Geomorphic Effects of Landslide Dams on the Owyhee River, Oregon",https://doi.org/10.5069/G98913SF,312,312,3422649309,2026-09-20
FL10_Lane,"Bald Point, FL: Hurricane Frequency and Storm Surge Archives from Sinkholes",https://doi.org/10.5069/G9D21VHS,55,55,714798550,2026-09-20
FL11_Catano,"Apopka, FL: Using Lidar to Identify Optimal Gopher Tortoise habitat",https://doi.org/10.5069/G94M92GW,55,55,1475706090,2026-09-20
NC09_Windfeldt,"Nantahala NF, NC: Forest Leaf Structure, Terrain and Hydrophysiology",https://doi.org/10.5069/G9HT2M76,90,90,2571333333,2026-09-20
CA09_Morell,"Point Reyes, CA: Landscape Response to Tectonics",https://doi.org/10.5069/G9NK3BZH,108,108,2184184931,2026-09-20
ID09_Covino,"Stanley, ID: Linkages Between Hydrologic Complexity and Nutrient Export",https://doi.org/10.5069/G9SB43P7,69,69,1429107699,2026-09-20
FL08_Angelo,"Merritt Island, FL: Identification of Florida Scrub-Jay Habitat",https://doi.org/10.5069/G9X34VDK,68,68,869354175,2026-09-20
HI09_Kauai,Hawaii Kauai Survey,https://doi.org/10.5069/G91V5BWJ,244,244,3691351712,2026-09-20
ILC03_StJoe,Idaho Lidar Consortium (ILC): St. Joe National Forest,https://doi.org/10.5069/G9KS6PHD,70,70,2035755835,2026-09-20
ILC03_MoscowMnt,Idaho Lidar Consortium (ILC): Moscow Mountain,https://doi.org/10.5069/G9G15XS0,52,52,656575355,2026-09-20
ILC06_LoloSlate,Idaho Lidar Consortium (ILC): Lolo Creek and Slate Creek,https://doi.org/10.5069/G92R3PMM,297,297,11986634146,2026-09-20
ILC08_SFSalmon,Idaho Lidar Consortium (ILC): South Fork Salmon and Secesh Rivers,https://doi.org/10.5069/G9Z31WJZ,317,317,3588728460,2026-09-20
ILC04_Emerald,Idaho Lidar Consortium (ILC): Emerald Creek,https://doi.org/10.5069/G9TB14TM,164,164,501393478,2026-09-20
ILC07_JWM,Idaho Lidar Consortium (ILC): Jack Waite Mine,https://doi.org/10.5069/G9PK0D39,90,90,1065957765,2026-09-20
ILC09_ClearCrk,Idaho Lidar Consortium (ILC): Clear Creek,https://doi.org/10.5069/G9JS9NC1,249,249,8772054459,2026-09-20
ILC02_Nez,Idaho Lidar Consortium (ILC): Nez Perce Reservation,https://doi.org/10.5069/G9F18WNM,5,5,302016482,2026-09-20
SD02_BHEF,"Lidar Survey of the Black Hills Experimental Forest, South Dakota",https://doi.org/10.5069/G9C24TCD,30,30,151004056,2026-09-20
OR07_MalheurNF,"Lidar Survey of the Malheur National Forest, Oregon",https://doi.org/10.5069/G9QJ7F74,246,246,4246916910,2026-09-20
MI09_Hardiman,"Pellston, MI: Effects of Forest Canopy Structural Change on Carbon Uptake",https://doi.org/10.5069/G900001C,67,67,2413959402,2026-09-20
ID07_Sankey,"Idaho Falls, ID: Lidar for Modeling Eolian Soil Transport",https://doi.org/10.5069/G9KK98PR,23,23,457891187,2026-09-20
Salton_Sea,2010 Salton Sea Lidar Collection,https://doi.org/10.5069/G9V985ZF,623,623,19978684114,2026-09-20
BcCZO_10_Aug,Boulder Creek Critical Zone Observatory August 2010 Snow-Off Lidar Survey,https://doi.org/10.5069/G93R0QR0,1373,1373,25530941189,2026-09-20
USBR_UCRB_East,USBR Upper Columbia River Basin East,https://doi.org/10.5069/G97H1GGQ,461,461,15912316237,2026-09-20
USBR_UCRB_West,USBR Upper Columbia River Basin West,https://doi.org/10.5069/G9JM27JX,585,585,13455788469,2026-09-20
HI09_Big_Island,Hawaii Big Island Lidar Survey,https://doi.org/10.5069/G9DZ067X,381,381,4110384171,2026-09-20
NWL10_USGS,"Northern Walker Lane, CA Airborne Lidar Dataset",https://doi.org/10.5069/G9C8276F,708,708,14509766133,2026-09-20
CA09_Foster,"Piercy, CA: Response of Bedrock River to Base Level Lowering, SF Eel River",https://doi.org/10.5069/G9H12ZXC,81,81,2117118331,2026-09-20
TX10Scheingross,"Canyon Lake Gorge, TX: Mechanics of Megaflood Erosion",https://doi.org/10.5069/G9MS3QNS,12,12,182482277,2026-09-20
NM10_Kocurek,"White Sands National Monument, NM: Lidar Survey of Dune Fields",https://doi.org/10.5069/G97D2S2D,71,71,599856746,2026-09-20
SC10_Hoeft,"Surface Expression of the 1886 Charleston, South Carolina Earthquake",https://doi.org/10.5069/G9RF5RZS,70,70,2361623894,2026-09-20
CA07_Yoo,"Oroville, CA: Middle Fork of the Feather River, Sierra Nevada Foothills",https://doi.org/10.5069/G9FT8HZ1,1022,1022,10654204230,2026-09-20
CA07_Stock,"Airborne Laser Mapping of Yosemite National Park, CA, 2007",https://doi.org/10.5069/G9W66HPH,23,23,333303574,2026-09-20
CA07_Kirchner,"Airborne Laser Mapping of Independence Lake, CA",https://doi.org/10.5069/G96D5QXM,78,78,638547164,2026-09-20
IA08_Krajewski,"2008 Iowa River Flood Lidar, Iowa City, and the Clear Creek Watershed",https://doi.org/10.5069/G90Z715W,1222,1222,79320518440,2026-09-20
NH09_Finkelman,"Thorton, NH: Hydrologic and Topographic Controls on Organic Carbon in Soils",https://doi.org/10.5069/G9MK69T4,140,140,3826466825,2026-09-20
ID09_Lloyd,"Clearwater NF, ID: Effects of Watershed Restoration on Hillslope Stability",https://doi.org/10.5069/G9H41PB3,109,109,1642847447,2026-09-20
NH08_Truslow,"Durham, NH: Hyporheic Zone Extent and Exchange in a Coastal Stream",https://doi.org/10.5069/G94Q7RWT,195,195,2242555536,2026-09-20
MA10_Rogers,"Truro and Provincetown, MA: Lidar in Salt Marsh Environments",https://doi.org/10.5069/G9B56GNB,92,92,924354691,2026-09-20
AL09_Starr,"Tuscaloosa, AL: Seasonal Inundation Dynamics And Invertebrate Communities",https://doi.org/10.5069/G9SF2T3K,72,72,2460824204,2026-09-20
NM10_Perignon,"Rio Puerco River, NM: Study of overbank flood dynamics",https://doi.org/10.5069/G9ZW1HVC,90,90,10044809702,2026-09-20
NM10_Dorshow,"Chaco Canyon, NM: Simulating Dynamic Hydrological Processes",https://doi.org/10.5069/G93N21B2,90,90,725437332,2026-09-20
AZ10_Palucis,"Meteor Crater, AZ",https://doi.org/10.5069/G9V40S4C,36,36,5192817192,2026-09-20
MT10_Levine,"SW Montana: Beavers as Geomorphic Agents in Small, Rocky Mountain Streams",https://doi.org/10.5069/G9NP22C7,231,231,674761357,2026-09-20
UT10_Wood,Central Utah: Topographic Amplification of Earthquake Ground Motions,https://doi.org/10.5069/G9GT5K3T,70,70,9806081894,2026-09-20
CA09_Whelley,"Bishop, CA: Morphological characteristics of the Bishop Tuff",https://doi.org/10.5069/G9J1012J,63,63,552293372,2026-09-20
CA10_Zimmer,"Yosemite National Park, CA: Rockfall Studies",https://doi.org/10.5069/G9D798B8,267,267,8481786423,2026-09-20
NV10_Matsubara,NW Nevada: Modeling of Meander Channel Evolution,https://doi.org/10.5069/G98G8HMJ,61,61,5132892685,2026-09-20
CRB_10_Jul,Christina River Basin Critical Zone Observatory July 2010 Lidar Survey,https://doi.org/10.5069/G9X63JTW,551,551,41401670092,2026-09-20
CRB_10_Apr,Christina River Basin Critical Zone Observatory April 2010 Lidar Survey,https://doi.org/10.5069/G9T43R00,551,551,51928411492,2026-09-20
SAN2005,2005 San Diego Urban Region Lidar,https://doi.org/10.5069/G9XW4GQ0,3104,3104,46898954048,2026-09-20
HJAnd_OR,Andrews Experimental Forest and Willamette National Forest Lidar (Aug 2008),https://doi.org/10.5069/G92N506P,189,189,27060381873,2026-09-20
USBR_JD06,John Day Watershed 2006 - US Bureau of Reclamation,https://doi.org/10.5069/G99G5JRX,45,45,1420041324,2026-09-20
TCDWY,"Teton Conservation District, Wyoming Lidar",https://doi.org/10.5069/G9F769GN,124,124,4299060580,2026-09-20
USBR_Lemhi,Lemhi Watershed - US Bureau of Reclamation,https://doi.org/10.5069/G9JW8BSB,132,132,7081006541,2026-09-20
TAHOE,Lake Tahoe Basin Lidar,https://doi.org/10.5069/G9PN93H2,968,968,347824024596,2026-09-20
DOGAMI,Oregon Department of Geology and Mineral Industries Lidar Program Data,https://doi.org/10.5069/G9QC01D1,24103,24103,7971298138752,2026-09-20
EMC_EQ,El Mayor-Cucapah Earthquake (4 April 2010) Rupture Lidar Scan,https://doi.org/10.5069/G9TD9V7D,1788,1788,8772501930,2026-09-20
BridgeCk05,"NOAA ISEMP - Watershed Sciences - Bridge Creek, Oregon Lidar Survey, 2005",https://doi.org/10.5069/G9PC308N,140,140,1161014842,2026-09-20
GRAN_DEL,"Granite Dells, AZ",https://doi.org/10.5069/G92Z13FN,54,54,870182886,2026-09-20
Haiti,World Bank - ImageCat Inc. - RIT Haiti Earthquake Lidar dataset,https://doi.org/10.5069/G96Q1V50,982,982,8819395859,2026-09-20
Napa,"Napa Watershed, CA",https://doi.org/10.5069/G9BG2KW9,418,418,5168722350,2026-09-20
SoCAL,EarthScope Southern & Eastern California Lidar Project,https://doi.org/10.5069/G9G44N6Q,3700,3700,217438694580,2026-09-20
Yakima,EarthScope Yakima Lidar Project,https://doi.org/10.5069/G9KW5CXQ,436,436,37518675496,2026-09-20
ALASKA,EarthScope Alaska Denali Totschunda Lidar Project,https://doi.org/10.5069/G9QN64NF,613,613,65193511944,2026-09-20
ISB,EarthScope Intermountain Seismic Belt Lidar Project,https://doi.org/10.5069/G9VD6WCS,1031,1031,156563063994,2026-09-20
NCAL,EarthScope Northern California Lidar Project,https://doi.org/10.5069/G9057CV2,3932,3932,355315817884,2026-09-20
ECSZ,"Fault systems in the Eastern California Shear Zone, CA",https://doi.org/10.5069/G93X84KG,276,276,5525614612,2026-09-20
B4,B4 Project - Southern San Andreas and San Jacinto Faults,https://doi.org/10.5069/G97P8W9T,2869,2869,159088204222,2026-09-20
Rainier,"West Rainier Seismic Zone, WA",https://doi.org/10.5069/G9CC0XMC,29,29,36686805769,2026-09-20
NSAF,"Northern San Andreas Fault, CA",https://doi.org/10.5069/G9MW2F2H,46,46,31594641584,2026-09-20
